<?xml version="1.0" encoding="utf-8"?>
<!DOCTYPE hibernate-configuration PUBLIC "-//Hibernate/Hibernate Configuration DTD 3.0//EN" "http://www.hibernate.org/dtd/hibernate-configuration-3.0.dtd">

<hibernate-configuration>
    <session-factory>
        <!-- JDBC Database connection settings -->
        <property name="hibernate.connection.driver_class">org.sqlite.JDBC</property>
        <!-- 以下修改 -->
        <property name="hibernate.connection.url">jdbc:sqlite:src/main/resources/MyDB.sqlite</property>
        <!-- <property name="hibernate.connection.username">zys</property>
        <property name="hibernate.connection.password"></property> -->
        <!-- 以上修改 -->
        <!-- JDBC connection pool settings -->
        <property name="hibernate.c3p0.min_size">5</property>
        <property name="hibernate.c3p0.max_size">20</property>
        <property name="hibernate.c3p0.timeout">300</property>
        <property name="hibernate.c3p0.max_statements">50</property>
        <property name="hibernate.c3p0.idle_test_period">3000</property>

        <!-- Specify dialect -->
        <property name="hibernate.dialect">org.sqlite.hibernate.dialect.SQLiteDialect</property>


        <!-- Enable Hibernate's automatic session context management -->
        <property name="hibernate.current_session_context_class">thread</property>

        <!-- Echo all executed SQL to stdout -->
        <property name="hibernate.show_sql">true</property>
        <property name="hibernate.hbm2ddl.auto">update</property>


        <!-- Mention annotated class or mapping xml files -->
       <!-- <mapping class="com.studentDemo.user.User" />
        <mapping class="com.studentDemo.user.Student" />-->
        <mapping class="com.studentDemo.librarymanagement.Information" />
        <mapping class="com.studentDemo.librarymanagement.Introduction" />
        <mapping class="com.studentDemo.librarymanagement.Recommendation" />
        <mapping class="com.studentDemo.librarymanagement.DBooks" />
        <mapping class="com.studentDemo.librarymanagement.DBooksDetail" />

    </session-factory>
</hibernate-configuration>